ts,state,tier,mode,BC,RL,CI,RH,efficacy,pred_fatigue,mouse_speed,scroll_stress,var_x,var_y,side,hidden,ciliary,blink_supp,tremor,strain,near_secs,break_rem,breaks
1791195842.373,IDLE,0,2,100.00,80.00,70.00,99.99,0.8650,99.99,556.2,0.0,31242.0,45087.4,R,0,0.00,0.00,100.00,20.00,0.0,120.0,0
1791195842.633,READING,0,0,100.00,80.00,70.00,99.99,0.8650,99.99,185.8,0.0,3299.6,50.2,R,0,0.02,0.43,100.00,20.12,0.3,119.7,0
1791195842.897,IDLE,0,2,100.00,80.00,70.00,99.99,0.8650,99.99,117.2,0.0,562.2,166.5,R,0,0.02,0.00,72.87,14.58,0.3,119.7,0
1791195843.161,IDLE,0,2,100.00,80.00,70.00,99.99,0.8650,99.96,224.2,0.0,4540.5,34.5,R,0,0.03,0.00,100.00,20.01,0.3,119.7,0
1791195843.428,IDLE,0,2,100.00,80.00,70.00,99.99,0.8650,99.96,188.3,0.0,1144.4,1313.2,R,0,0.03,0.00,100.00,20.01,0.4,119.6,0
1791195843.679,IDLE,0,2,100.00,80.00,70.00,99.99,0.8650,99.97,0.0,0.0,0.0,0.0,R,0,0.03,0.00,0.00,0.01,0.4,119.6,0
1791195843.930,IDLE,0,2,100.00,80.00,70.00,99.99,0.8650,99.97,78.3,0.0,205.8,358.5,R,0,0.03,0.00,56.43,11.30,0.4,119.6,0
1791195844.195,IDLE,0,2,100.00,80.00,70.00,99.98,0.8650,99.97,289.7,0.0,5315.0,2924.3,R,0,0.04,0.00,100.00,20.02,0.4,119.6,0
1791195844.459,READING,1,0,99.99,80.01,70.00,99.98,0.8650,99.95,423.7,0.0,15974.6,2116.0,R,0,0.06,0.44,100.00,20.13,0.7,119.3,0
1791195844.722,IDLE,1,2,99.99,80.01,70.00,99.98,0.8650,99.95,90.6,0.0,144.6,112.6,R,0,0.06,0.00,25.73,5.17,0.7,119.3,0
1791195844.986,IDLE,1,2,99.99,80.01,70.00,99.98,0.8650,99.94,89.8,0.0,335.8,544.5,R,0,0.06,0.00,88.04,17.63,0.8,119.2,0
1791195845.248,IDLE,1,2,99.99,80.01,70.00,99.98,0.8650,99.94,91.0,0.0,139.0,295.8,R,0,0.06,0.00,43.47,8.72,0.8,119.2,0
1791195845.510,IDLE,1,2,99.99,80.01,70.00,99.97,0.8650,99.94,176.1,0.0,3567.2,428.3,R,0,0.06,0.00,100.00,20.03,0.8,119.2,0
1791195845.764,IDLE,1,2,99.99,80.01,70.00,99.97,0.8650,99.94,409.7,0.0,14701.3,7338.9,R,0,0.07,0.00,100.00,20.03,0.8,119.2,0
1791195846.028,IDLE,1,2,99.99,80.01,70.00,99.97,0.8650,99.93,257.4,0.0,4796.3,84.2,R,0,0.07,0.00,100.00,20.03,0.9,119.1,0
1791195846.290,IDLE,1,2,99.99,80.01,70.00,99.97,0.8650,99.93,42.3,0.0,15.8,63.0,R,0,0.07,0.00,7.87,1.61,0.9,119.1,0
1791195846.556,READING,1,0,99.99,80.01,70.00,99.96,0.8650,99.92,713.6,0.0,53712.3,2396.9,L,0,0.09,0.44,100.00,20.15,1.2,118.8,0
1791195846.809,READING,2,0,99.99,80.01,70.00,99.96,0.8650,99.90,579.2,0.0,28222.8,43.9,L,0,0.11,0.86,100.00,20.26,1.4,118.6,0
1791195847.069,IDLE,2,2,99.99,80.01,70.00,99.95,0.8650,99.87,481.1,0.0,3093.4,3342.8,L,0,0.11,0.00,100.00,20.05,1.4,118.6,0
1791195847.333,IDLE,2,2,99.98,80.01,70.00,99.95,0.8650,99.87,207.6,0.0,386.2,1377.5,L,0,0.12,0.00,100.00,20.05,1.5,118.5,0
1791195847.596,READING,2,0,99.98,80.02,70.00,99.94,0.8649,99.86,205.3,0.0,4962.4,526.6,L,0,0.14,0.44,100.00,20.17,1.7,118.3,0
1791195847.860,READING,2,0,99.98,80.02,70.00,99.94,0.8649,99.84,121.6,0.0,385.7,92.3,L,0,0.16,0.88,47.80,9.85,2.0,118.0,0
1791195848.126,READING,2,0,99.98,80.02,70.00,99.93,0.8649,99.82,52.2,0.0,74.6,9.4,L,0,0.18,1.32,8.40,2.09,2.3,117.7,0
1791195848.387,READING,2,0,99.98,80.02,70.00,99.93,0.8649,99.81,178.6,0.0,4450.7,200.7,L,0,0.20,1.76,100.00,20.52,2.5,117.5,0
1791195848.653,READING,2,0,99.98,80.02,70.00,99.92,0.8649,99.79,60.0,0.0,408.6,36.6,L,0,0.22,2.20,44.52,9.55,2.8,117.2,0
1791195848.915,IDLE,2,2,99.97,80.02,70.00,99.92,0.8649,99.77,12.4,0.0,0.1,17.5,L,0,0.22,0.45,1.76,0.56,2.8,117.2,0
1791195849.181,IDLE,3,2,99.97,80.02,70.00,99.92,0.8649,99.72,1.3,0.0,0.0,0.0,L,0,0.23,0.00,0.00,0.10,2.8,117.2,0
1791195849.446,IDLE,3,2,99.97,80.02,70.00,99.92,0.8649,99.70,0.0,0.0,0.0,0.0,L,0,0.23,0.00,0.00,0.10,2.9,117.1,0
1791195849.708,IDLE,3,2,99.97,80.02,70.00,99.92,0.8649,99.69,0.0,0.0,0.0,0.0,L,0,0.23,0.00,0.00,0.10,2.9,117.1,0
1791195849.971,IDLE,3,2,99.97,80.02,70.00,99.92,0.8649,99.68,193.8,0.0,1708.0,3389.1,R,0,0.23,0.00,100.00,20.10,2.9,117.1,0
1791195850.237,IDLE,3,2,99.97,80.02,70.00,99.92,0.8649,99.68,68.3,0.0,131.0,279.5,R,0,0.24,0.00,41.05,8.31,2.9,117.1,0
1791195850.501,IDLE,3,2,99.97,80.02,70.00,99.92,0.8649,99.67,244.0,0.0,1589.3,6424.6,R,0,0.24,0.00,100.00,20.10,3.0,117.0,0
1791195850.766,IDLE,3,2,99.97,80.02,70.00,99.92,0.8649,99.68,0.0,0.0,0.0,0.0,R,0,0.24,0.00,0.00,0.10,3.0,117.0,0
1791195851.027,IDLE,3,2,99.97,80.02,70.00,99.92,0.8649,99.69,396.3,0.0,14665.5,5103.0,R,0,0.24,0.00,100.00,20.10,3.0,117.0,0
1791195851.294,READING,3,0,99.97,80.03,70.00,99.92,0.8649,99.70,46.4,0.0,5.4,0.0,R,0,0.26,0.44,0.54,0.33,3.3,116.7,0
1791195851.555,IDLE,4,2,99.97,80.03,70.00,99.92,0.8649,99.90,407.5,0.0,16240.4,693.3,R,0,0.26,0.00,100.00,20.11,3.3,116.7,0
1791195851.822,READING,4,0,99.97,80.03,70.00,99.91,0.8649,99.87,434.6,0.0,14797.5,1954.7,R,0,0.29,0.44,100.00,20.23,3.6,116.4,0
1791195852.084,READING,4,0,99.97,80.03,69.99,99.91,0.8648,99.85,55.6,0.0,191.3,5.0,R,0,0.31,0.88,19.63,4.27,3.8,116.2,0
1791195852.347,IDLE,4,2,99.97,80.03,69.99,99.91,0.8648,99.85,115.7,0.0,223.2,571.7,R,0,0.31,0.00,79.48,16.02,3.9,116.1,0
1791195852.614,IDLE,4,2,99.97,80.03,69.99,99.91,0.8648,99.89,197.6,0.0,2920.9,132.6,R,0,0.31,0.00,100.00,20.13,3.9,116.1,0
1791195852.877,IDLE,4,2,99.97,80.03,69.99,99.90,0.8648,99.89,140.0,0.0,727.8,1240.4,R,0,0.31,0.00,100.00,20.13,3.9,116.1,0
1791195853.127,READING,4,0,99.97,80.03,69.99,99.90,0.8648,99.87,191.4,0.0,2791.2,849.5,R,0,0.33,0.42,100.00,20.24,4.2,115.8,0
1791195853.394,IDLE,4,2,99.97,80.03,69.99,99.90,0.8648,99.87,14.2,0.0,11.1,0.5,R,0,0.34,0.00,1.16,0.37,4.2,115.8,0
1791195853.651,IDLE,4,2,99.97,80.03,69.99,99.90,0.8648,99.89,99.8,0.0,902.5,85.4,R,0,0.34,0.00,98.79,19.90,4.2,115.8,0
1791195853.914,IDLE,4,2,99.97,80.03,69.99,99.90,0.8648,99.91,0.0,0.0,0.0,0.0,R,0,0.34,0.00,0.00,0.14,4.2,115.8,0
1791195854.167,IDLE,4,2,99.97,80.03,69.99,99.90,0.8648,99.90,99.8,0.0,1490.4,0.0,R,0,0.34,0.00,100.00,20.14,4.3,115.7,0
1791195854.420,IDLE,4,2,99.96,80.03,69.99,99.90,0.8648,99.90,80.7,0.0,421.0,131.6,R,0,0.34,0.00,55.26,11.19,4.3,115.7,0
1791195854.682,IDLE,4,2,99.96,80.03,69.99,99.90,0.8648,99.88,170.5,0.0,1089.5,393.5,R,0,0.35,0.00,100.00,20.14,4.3,115.7,0
1791195854.947,IDLE,4,2,99.96,80.03,69.99,99.90,0.8648,99.86,142.8,0.0,541.7,1344.8,R,0,0.35,0.00,100.00,20.14,4.3,115.7,0
1791195855.198,READING,4,0,99.96,80.03,69.99,99.89,0.8648,99.82,552.2,0.0,35052.8,105.2,R,0,0.37,0.42,100.00,20.26,4.6,115.4,0
1791195855.465,READING,4,0,99.96,80.04,69.99,99.88,0.8648,99.79,191.0,0.0,1487.5,156.1,R,0,0.39,0.86,100.00,20.38,4.9,115.1,0
1791195855.727,READING,4,0,99.96,80.04,69.99,99.88,0.8648,99.77,299.8,0.0,5920.7,330.4,R,0,0.41,1.30,100.00,20.49,5.1,114.9,0
1791195855.991,READING,4,0,99.95,80.04,69.99,99.87,0.8648,99.79,444.7,0.0,10082.3,68.5,R,0,0.43,1.74,100.00,20.61,5.4,114.6,0
1791195856.256,READING,4,0,99.95,80.04,69.99,99.86,0.8647,99.74,744.0,0.0,77830.3,455.9,L,0,0.45,2.18,100.00,20.73,5.7,114.3,0
1791195856.518,IDLE,4,2,99.95,80.05,69.99,99.85,0.8647,99.70,377.1,0.0,1455.0,4518.5,L,0,0.45,0.44,100.00,20.30,5.7,114.3,0
1791195856.783,READING,4,0,99.95,80.05,69.99,99.84,0.8647,99.69,462.3,0.0,9563.6,364.1,L,0,0.48,0.88,100.00,20.42,5.9,114.1,0
1791195857.046,IDLE,4,2,99.95,80.05,69.99,99.84,0.8647,99.76,10.6,0.0,1.4,0.3,L,0,0.48,0.00,0.18,0.23,6.0,114.0,0
